{
  "func:__main__.process_items": {
    "SequentialStrategy": [
      0.015299360966309905,
      0.014091899036429822,
      0.013076556962914765
    ],
    "ThreadedStrategy": [
      0.014110805001109838,
      0.01900100102648139,
      0.016695422935299575
    ],
    "BatchedStrategy": [
      0.011605113977566361,
      0.01193481800146401,
      0.013661817996762693,
      0.014170655980706215,
      0.013610982918180525,
      0.012425372027792037,
      0.01607030804734677,
      0.013048804947175086,
      0.01224117900710553
    ]
  }
}